-- phpMyAdmin SQL Dump
-- version 5.2.0
-- https://www.phpmyadmin.net/
--
-- Хост: 127.0.0.1:3306
-- Время создания: Фев 01 2026 г., 22:40
-- Версия сервера: 8.0.30
-- Версия PHP: 7.2.34

SET SQL_MODE = "NO_AUTO_VALUE_ON_ZERO";
START TRANSACTION;
SET time_zone = "+00:00";


/*!40101 SET @OLD_CHARACTER_SET_CLIENT=@@CHARACTER_SET_CLIENT */;
/*!40101 SET @OLD_CHARACTER_SET_RESULTS=@@CHARACTER_SET_RESULTS */;
/*!40101 SET @OLD_COLLATION_CONNECTION=@@COLLATION_CONNECTION */;
/*!40101 SET NAMES utf8mb4 */;

--
-- База данных: `chocoberry_place`
--

-- --------------------------------------------------------

--
-- Структура таблицы `orders`
--

CREATE TABLE `orders` (
  `id` int UNSIGNED NOT NULL,
  `customer_name` varchar(255) CHARACTER SET utf8mb4 COLLATE utf8mb4_0900_ai_ci DEFAULT '',
  `customer_phone` varchar(50) DEFAULT NULL,
  `customer_email` varchar(255) DEFAULT NULL,
  `user_id` int UNSIGNED DEFAULT NULL,
  `total` decimal(10,2) NOT NULL,
  `delivery_method` enum('pickup','delivery') NOT NULL DEFAULT 'pickup',
  `address` text,
  `comment` text,
  `status` enum('new','processing','completed','canceled') DEFAULT 'new',
  `delivery_cost` decimal(10,2) NOT NULL DEFAULT '0.00',
  `order_details` text,
  `created_at` datetime DEFAULT CURRENT_TIMESTAMP,
  `delivery_address` text,
  `delivery_date` date DEFAULT NULL,
  `delivery_time_slot` varchar(50) DEFAULT NULL
) ENGINE=InnoDB DEFAULT CHARSET=utf8mb4 COLLATE=utf8mb4_0900_ai_ci;

--
-- Дамп данных таблицы `orders`
--

INSERT INTO `orders` (`id`, `customer_name`, `customer_phone`, `customer_email`, `user_id`, `total`, `delivery_method`, `address`, `comment`, `status`, `delivery_cost`, `order_details`, `created_at`, `delivery_address`, `delivery_date`, `delivery_time_slot`) VALUES
(1, NULL, NULL, NULL, NULL, '5090.00', 'pickup', NULL, NULL, 'new', '0.00', NULL, '2025-12-05 10:27:45', NULL, NULL, NULL),
(2, NULL, NULL, NULL, NULL, '3940.00', 'delivery', NULL, NULL, 'new', '350.00', NULL, '2025-12-14 15:27:23', NULL, NULL, NULL),
(3, NULL, NULL, NULL, NULL, '2240.00', 'delivery', NULL, NULL, 'new', '350.00', NULL, '2025-12-15 15:26:23', NULL, NULL, NULL),
(4, NULL, NULL, NULL, NULL, '2800.00', 'pickup', NULL, NULL, 'new', '0.00', NULL, '2026-01-18 15:50:48', NULL, NULL, NULL),
(15, 'София', '', 'ssn13.07.06@gmail.com', 5, '2800.00', 'pickup', NULL, '', 'new', '0.00', NULL, '2026-01-26 14:26:51', NULL, NULL, NULL),
(16, 'София', '+79127641505', 'ssn13.07.06@gmail.com', 5, '3250.00', 'delivery', 'Ворошилова 54 кв 4', '', 'new', '350.00', NULL, '2026-01-26 14:27:55', 'Ворошилова 54 кв 4', '2026-01-27', '13:00-13:30'),
(17, 'София', '', 'ssn13.07.06@gmail.com', 5, '950.00', 'pickup', NULL, '', 'new', '0.00', NULL, '2026-01-26 14:30:00', NULL, NULL, NULL),
(18, 'София', '+79127641505', 'ssn13.07.06@gmail.com', 5, '1450.00', 'pickup', NULL, 'фмсы', 'new', '0.00', NULL, '2026-01-26 14:40:32', NULL, NULL, NULL),
(19, 'София', '+79127641505', 'ssn13.07.06@gmail.com', 5, '2300.00', 'pickup', NULL, '', 'new', '0.00', NULL, '2026-01-26 14:42:00', NULL, NULL, NULL),
(20, 'София', '+79127641505', 'ssn13.07.06@gmail.com', 5, '2700.00', 'pickup', '', '', 'new', '0.00', NULL, '2026-01-26 14:45:31', 'Самовывоз', '2026-01-26', '17:00-17:30'),
(21, 'София', '+79127641505', 'ssn13.07.06@gmail.com', 5, '1500.00', 'pickup', NULL, '', 'new', '0.00', NULL, '2026-01-26 14:46:22', NULL, NULL, NULL),
(22, 'София', '+79127641505', 'ssn13.07.06@gmail.com', 5, '2800.00', 'pickup', NULL, '', 'new', '0.00', NULL, '2026-01-26 14:47:21', NULL, NULL, NULL),
(23, 'София', '+79127641505', 'ssn13.07.06@gmail.com', 5, '1300.00', 'pickup', NULL, '', 'new', '0.00', NULL, '2026-01-26 14:47:56', NULL, NULL, NULL),
(24, 'София', '+79127641505', 'ssn13.07.06@gmail.com', 5, '1300.00', 'pickup', NULL, '', 'new', '0.00', NULL, '2026-01-26 14:51:02', NULL, NULL, NULL),
(25, 'София', '+79127641505', 'ssn13.07.06@gmail.com', 5, '2800.00', 'pickup', NULL, '', 'new', '0.00', NULL, '2026-01-26 14:51:41', NULL, NULL, NULL),
(26, 'София', '+79127641505', 'ssn13.07.06@gmail.com', 5, '1650.00', 'pickup', NULL, '', 'new', '0.00', NULL, '2026-01-26 14:53:23', NULL, NULL, NULL),
(27, 'София', '+79127641505', 'ssn13.07.06@gmail.com', 5, '3300.00', 'pickup', NULL, '', 'new', '0.00', NULL, '2026-01-26 14:54:12', NULL, NULL, NULL),
(28, 'София', '+79127641505', 'ssn13.07.06@gmail.com', 5, '3500.00', 'pickup', NULL, '', 'new', '0.00', NULL, '2026-01-26 15:39:19', NULL, NULL, NULL),
(29, 'София', '+79127641505', 'ssn13.07.06@gmail.com', 5, '2470.00', 'pickup', NULL, '', 'new', '0.00', NULL, '2026-01-26 15:49:39', NULL, NULL, NULL),
(30, 'София', '+79127641505', 'ssn13.07.06@gmail.com', 5, '2470.00', 'pickup', NULL, '', 'new', '0.00', NULL, '2026-01-26 16:03:10', NULL, NULL, NULL),
(31, 'София', '+79127641505', 'ssn13.07.06@gmail.com', 5, '1300.00', 'pickup', NULL, '', 'new', '0.00', NULL, '2026-01-26 16:29:28', NULL, NULL, NULL),
(32, 'София', '+79127641505', 'ssn13.07.06@gmail.com', 5, '1550.00', 'pickup', NULL, '', 'new', '0.00', NULL, '2026-01-26 16:31:54', NULL, NULL, NULL),
(33, 'София', '+79127641505', 'ssn13.07.06@gmail.com', 5, '2800.00', 'pickup', NULL, '', 'new', '0.00', NULL, '2026-01-26 16:34:30', NULL, NULL, NULL),
(34, 'София', '+79127641505', 'ssn13.07.06@gmail.com', 5, '3890.00', 'pickup', '', '', 'new', '0.00', NULL, '2026-01-26 16:36:10', 'Самовывоз', '2026-01-26', '19:00-19:30'),
(35, 'София', '+79127641505', 'ssn13.07.06@gmail.com', 5, '1650.00', 'pickup', '', '', 'new', '0.00', NULL, '2026-01-26 16:37:12', 'Самовывоз', '2026-01-26', '19:00-19:30'),
(36, 'София', '+79127641505', 'ssn13.07.06@gmail.com', 5, '2490.00', 'pickup', '', '', 'new', '0.00', NULL, '2026-01-26 16:38:16', 'Самовывоз', '2026-01-26', '19:00-19:30'),
(37, 'София', '+79127641505', 'ssn13.07.06@gmail.com', 5, '5950.00', 'delivery', 'Азовская 48ыфуас', '', 'new', '350.00', NULL, '2026-01-26 16:40:35', 'Азовская 48ыфуас', '2026-01-27', '16:00-16:30'),
(38, 'София', '+79127641505', 'ssn13.07.06@gmail.com', 5, '2470.00', 'pickup', '', '', 'new', '0.00', NULL, '2026-01-26 16:44:53', 'Самовывоз', '2026-01-26', '18:30-19:00'),
(39, 'София', '+79127641505', 'ssn13.07.06@gmail.com', 5, '1980.00', 'delivery', 'Азовская 48', '', 'new', '350.00', NULL, '2026-01-26 16:51:08', 'Азовская 48', '2026-01-28', '13:30-14:00'),
(41, 'София', '+79127641505', 'ssn13.07.06@gmail.com', 5, '1530.00', 'pickup', '', '', 'new', '0.00', NULL, '2026-01-26 17:06:11', 'Самовывоз', '2026-01-26', '18:30-19:00'),
(42, 'София', '+79127641505', 'ssn13.07.06@gmail.com', 5, '2970.00', 'pickup', '', '', 'new', '0.00', NULL, '2026-01-26 17:50:01', 'Самовывоз', '2026-01-27', '15:00-15:30'),
(43, 'София', '+79127641505', 'ssn13.07.06@gmail.com', 5, '2820.00', 'delivery', 'Азовская 48 д5', '', 'new', '350.00', NULL, '2026-01-26 17:58:38', 'Азовская 48 д5', '2026-01-27', '12:00-12:30'),
(44, 'София', '+79127651432', 'ssn13.07@gmail.com', 6, '1530.00', 'pickup', '', '', 'new', '0.00', NULL, '2026-01-26 18:06:01', 'Самовывоз', '2026-01-28', '10:00-10:30'),
(45, 'София', '+79127641505', 'ssn13.07@gmail.com', 6, '2950.00', 'pickup', '', '', 'new', '0.00', NULL, '2026-01-26 18:12:20', 'Самовывоз', '2026-01-26', '19:30-20:00'),
(46, 'София', '+79127651432', 'ssn13.07@gmail.com', 6, '2060.00', 'delivery', 'Азовская 48', '', 'new', '350.00', NULL, '2026-01-26 18:13:36', 'Азовская 48', '2026-01-27', '10:00-10:30'),
(47, 'София', '+79127651432', 'ssn13.07@gmail.com', 6, '1530.00', 'pickup', '', '', 'new', '0.00', NULL, '2026-01-26 18:14:24', 'Самовывоз', '2026-01-26', '19:30-20:00'),
(50, 'София', '+79127651432', 'ssn13.07@gmail.com', 6, '2970.00', 'pickup', '', '', 'new', '0.00', NULL, '2026-01-26 18:32:25', 'Самовывоз', '2026-01-26', '19:30-20:00'),
(51, 'София', '+79127651432', 'ssn13.07@gmail.com', 6, '1500.00', 'pickup', '', '', 'new', '0.00', NULL, '2026-01-26 18:32:59', 'Самовывоз', '2026-01-26', '19:30-20:00'),
(52, 'София', '+79127651432', 'ssn13.07@gmail.com', 6, '2970.00', 'pickup', '', '', 'new', '0.00', NULL, '2026-01-26 18:38:15', 'Самовывоз', '2026-01-26', '19:30-20:00'),
(53, 'София', '+79127651432', 'ssn13.07@gmail.com', 6, '1710.00', 'pickup', '', '', 'new', '0.00', NULL, '2026-01-26 18:44:10', 'Самовывоз', '2026-01-26', '19:30-20:00'),
(54, 'София', '+79127651432', 'ssn13.07@gmail.com', 6, '1710.00', 'pickup', '', '', 'new', '0.00', NULL, '2026-01-26 18:44:46', 'Самовывоз', '2026-01-26', '19:30-20:00'),
(55, 'София', '+79127651432', 'ssn13.07@gmail.com', 6, '1710.00', 'pickup', '', '', 'new', '0.00', NULL, '2026-01-26 18:46:12', 'Самовывоз', '2026-01-26', '19:30-20:00'),
(56, 'София', '+79127651432', 'ssn13.07@gmail.com', 6, '1530.00', 'pickup', '', '', 'new', '0.00', NULL, '2026-01-26 18:53:17', 'Самовывоз', '2026-01-26', '19:30-20:00'),
(57, 'София', '+79127641505', 'ssn13.07@gmail.com', 6, '1710.00', 'pickup', '', '', 'new', '0.00', NULL, '2026-01-26 18:54:38', 'Самовывоз', '2026-01-26', '19:30-20:00'),
(58, 'София', '+79127651432', 'ssn13.07@gmail.com', 6, '2800.00', 'pickup', '', '', 'new', '0.00', NULL, '2026-01-26 18:56:22', 'Самовывоз', '2026-01-26', '19:30-20:00'),
(59, 'София', '+79127651432', 'ssn13.07@gmail.com', 6, '2800.00', 'pickup', '', '', 'new', '0.00', NULL, '2026-01-26 18:57:49', 'Самовывоз', '2026-01-26', '19:30-20:00'),
(60, 'София', '+79127651432', 'ssn13.07@gmail.com', 6, '3150.00', 'delivery', 'Азовская 48', '', 'new', '350.00', NULL, '2026-01-26 18:59:25', 'Азовская 48', '2026-01-27', '11:30-12:00'),
(61, 'София', '+79127641505', '', 6, '3200.00', 'pickup', 'Самовывоз', '', 'new', '0.00', '[{\"product_id\":7,\"quantity\":1,\"price\":3200}]', '2026-02-01 12:06:43', NULL, '2026-02-12', '12:00'),
(62, 'Николай', '+7 (912) 752-30-05', '', 7, '8400.00', 'pickup', 'Самовывоз', '', 'new', '0.00', '[{\"product_id\":3,\"quantity\":1,\"price\":2800},{\"product_id\":4,\"quantity\":1,\"price\":1710},{\"product_id\":15,\"quantity\":1,\"price\":3890}]', '2026-02-01 12:20:51', NULL, '2026-02-02', '13:30'),
(63, 'София', '+79127641505', '', 6, '1710.00', 'pickup', 'Самовывоз', '', 'new', '0.00', '[{\"product_id\":4,\"quantity\":1,\"price\":1710}]', '2026-02-01 14:10:54', NULL, '2026-02-12', '10:00'),
(64, 'София', '+79127651432', '', 6, '2970.00', 'pickup', 'Самовывоз', '', 'new', '0.00', '[{\"product_id\":24,\"quantity\":1,\"price\":2970}]', '2026-02-01 14:14:55', NULL, '2026-02-12', '17:30'),
(65, 'София', '+79127641508', '', 6, '3690.00', 'pickup', 'Самовывоз', '', 'new', '0.00', '[{\"product_id\":24,\"quantity\":1,\"price\":3690}]', '2026-02-01 14:15:31', NULL, '2026-02-11', '13:00'),
(66, 'София', '912 7641505', '', 5, '630.00', 'pickup', 'Самовывоз', '', 'new', '0.00', '[{\"product_id\":6,\"quantity\":1,\"price\":630}]', '2026-02-01 14:17:13', NULL, '2026-02-12', '10:30'),
(67, 'София', '+79127641505', '', 6, '4430.00', 'pickup', 'Самовывоз', '', 'new', '0.00', '[{\"product_id\":13,\"quantity\":1,\"price\":3800},{\"product_id\":23,\"quantity\":1,\"price\":630}]', '2026-02-01 14:19:31', NULL, '2026-02-09', '13:30'),
(68, 'София', '+79127641505', '', 6, '1590.00', 'pickup', 'Самовывоз', '', 'new', '0.00', '[{\"product_id\":6,\"quantity\":1,\"price\":1590}]', '2026-02-01 16:25:24', NULL, '2026-02-03', '16:30'),
(69, 'София', '+79127641505', '', 6, '1770.00', 'pickup', 'Самовывоз', '', 'new', '0.00', '[{\"product_id\":4,\"quantity\":1,\"price\":1770}]', '2026-02-01 16:33:54', NULL, '2026-02-12', '15:00'),
(70, 'София', '+79127641505', '', 6, '1710.00', 'pickup', 'Самовывоз', '', 'new', '0.00', '[{\"product_id\":4,\"quantity\":1,\"price\":1710}]', '2026-02-01 16:52:29', NULL, '2026-02-12', '17:00'),
(71, 'София', '+79127641505', 'ssn13.07@gmail.com', 6, '2800.00', 'pickup', '', '', 'new', '0.00', NULL, '2026-02-01 17:18:08', 'Самовывоз', '2026-02-01', '18:30-19:00'),
(72, 'София', '+79127641505', 'ssn13.07@gmail.com', 6, '1650.00', 'pickup', '', '', 'new', '0.00', NULL, '2026-02-01 17:18:38', 'Самовывоз', '2026-02-01', '19:30-20:00'),
(73, 'София', '+79127641505', '', 6, '90.00', 'pickup', 'Самовывоз', '', 'new', '0.00', '[{\"product_id\":3,\"quantity\":1,\"price\":90}]', '2026-02-01 17:20:07', NULL, '2026-02-01', '19:30-20:00'),
(79, 'София', '+79127641505', '', 6, '1710.00', 'pickup', 'Самовывоз', '', 'new', '0.00', '[{\"product_id\":21,\"quantity\":1,\"price\":1710,\"is_bouquet\":false,\"berry_qty\":10,\"addons\":{\"blueberries\":0,\"strawberries\":0,\"mold\":0},\"mold_type\":\"heart\"}]', '2026-02-01 18:35:26', NULL, '2026-02-04', '15:30'),
(80, 'София', '+79127641505', '', 6, '1710.00', 'pickup', 'Самовывоз', '', 'new', '0.00', '[{\"product_id\":23,\"quantity\":1,\"price\":1710,\"is_bouquet\":false,\"berry_qty\":14,\"addons\":{\"blueberries\":0,\"strawberries\":0,\"mold\":0},\"mold_type\":\"heart\"}]', '2026-02-01 18:36:07', NULL, '2026-02-19', '16:00'),
(81, 'София', '+79127641505', '', 6, '2210.00', 'pickup', 'Самовывоз', '', 'new', '0.00', '[{\"product_id\":24,\"quantity\":1,\"price\":2210,\"is_bouquet\":false,\"berry_qty\":12,\"addons\":{\"blueberries\":0,\"strawberries\":0,\"mold\":0},\"mold_type\":\"heart\"}]', '2026-02-01 18:36:39', NULL, '2026-02-19', '14:00'),
(82, 'София', '+79127641505', '', 6, '3670.00', 'pickup', 'Самовывоз', '', 'new', '0.00', '[{\"product_id\":12,\"quantity\":1,\"price\":3670,\"is_bouquet\":false,\"berry_qty\":20,\"addons\":{\"blueberries\":0,\"strawberries\":0,\"mold\":0},\"mold_type\":\"heart\"}]', '2026-02-01 18:38:06', NULL, '2026-02-19', '12:30'),
(83, 'София', '+79127641505', '', 6, '1620.00', 'pickup', 'Самовывоз', '', 'new', '0.00', '[{\"product_id\":24,\"quantity\":1,\"price\":1620}]', '2026-02-01 18:38:35', NULL, '2026-02-14', '15:30'),
(84, 'София', '+79127641505', '', 6, '1830.00', 'pickup', 'Самовывоз', '', 'new', '0.00', '[{\"product_id\":6,\"quantity\":1,\"price\":1830}]', '2026-02-01 18:39:22', NULL, '2026-02-25', '14:30'),
(85, 'София', '+79127641505', '', 6, '1710.00', 'pickup', 'Самовывоз', '', 'new', '0.00', '[{\"product_id\":12,\"quantity\":1,\"price\":1710,\"is_bouquet\":false,\"berry_qty\":9,\"addons\":{\"blueberries\":0,\"strawberries\":0,\"mold\":0},\"mold_type\":\"heart\"}]', '2026-02-01 18:43:52', NULL, '2026-02-12', '11:00'),
(86, 'София', '+79127641505', '', 6, '565.00', 'pickup', 'Самовывоз', '', 'new', '0.00', '[{\"product_id\":3,\"quantity\":1,\"price\":565,\"is_bouquet\":false,\"berry_qty\":3,\"addons\":{\"blueberries\":0,\"strawberries\":0,\"mold\":0},\"mold_type\":\"heart\"}]', '2026-02-01 18:44:27', NULL, '2026-02-14', '16:30'),
(87, 'София', '+79127641505', '', 6, '1825.00', 'delivery', 'Азовская 48 43', '', 'new', '350.00', '[{\"product_id\":6,\"quantity\":1,\"price\":1475,\"is_bouquet\":false,\"berry_qty\":8,\"addons\":{\"blueberries\":0,\"strawberries\":0,\"mold\":0},\"mold_type\":\"heart\"}]', '2026-02-01 18:45:11', NULL, '2026-02-14', '12:30'),
(88, 'София', '+79127641505', '', 6, '1465.00', 'delivery', 'Азовская 48 43', '', 'new', '350.00', '[{\"product_id\":24,\"quantity\":1,\"price\":1115,\"is_bouquet\":false,\"berry_qty\":6,\"addons\":{\"blueberries\":0,\"strawberries\":0,\"mold\":0},\"mold_type\":\"heart\"}]', '2026-02-01 18:47:39', NULL, '2026-02-12', '12:00'),
(89, 'София', '+79127641505', '', 6, '1710.00', 'pickup', 'Самовывоз', '', 'new', '0.00', '[{\"product_id\":3,\"quantity\":1,\"price\":1710,\"is_bouquet\":false,\"berry_qty\":9,\"addons\":{\"blueberries\":0,\"strawberries\":0,\"mold\":0},\"mold_type\":\"heart\"}]', '2026-02-01 19:05:08', NULL, '2026-02-11', '11:30'),
(90, 'София', '+79127641505', '', 6, '1245.00', 'delivery', 'Азовская 48 43', '', 'new', '350.00', '[{\"product_id\":12,\"quantity\":1,\"price\":895,\"is_bouquet\":false,\"berry_qty\":4,\"addons\":{\"blueberries\":100,\"strawberries\":50,\"mold\":0},\"mold_type\":\"heart\"}]', '2026-02-01 19:08:00', NULL, '2026-02-13', '13:00'),
(91, 'София', '+79127641508', '', 6, '1565.00', 'delivery', 'Азовская 48 43', '', 'new', '350.00', '[{\"product_id\":22,\"quantity\":2,\"price\":1215,\"is_bouquet\":false,\"berry_qty\":6,\"addons\":{\"blueberries\":100,\"strawberries\":0,\"mold\":0},\"mold_type\":\"heart\"}]', '2026-02-01 19:10:21', NULL, '2026-02-19', '19:00'),
(92, 'София', '+79127641505', '', 6, '2470.00', 'pickup', 'Самовывоз', '', 'new', '0.00', '[{\"product_id\":8,\"quantity\":1,\"price\":2470,\"is_bouquet\":true}]', '2026-02-01 19:14:49', NULL, '2026-02-11', '15:30'),
(93, 'София', '+79127641505', '', 6, '3050.00', 'pickup', 'Самовывоз', '', 'new', '0.00', '[{\"product_id\":2,\"quantity\":1,\"price\":3050,\"is_bouquet\":false,\"berry_qty\":16,\"addons\":{\"blueberries\":100,\"strawberries\":0,\"mold\":0},\"mold_type\":\"heart\"}]', '2026-02-01 19:37:26', NULL, '2026-02-14', '14:00'),
(94, 'София', '+79127641508', '', 6, '2060.00', 'delivery', 'Азовская 478', '', 'new', '350.00', '[{\"product_id\":19,\"quantity\":1,\"price\":1710,\"is_bouquet\":false,\"berry_qty\":9,\"addons\":{\"blueberries\":0,\"strawberries\":0,\"mold\":0},\"mold_type\":\"heart\"}]', '2026-02-01 19:38:34', NULL, '2026-02-13', '11:30'),
(95, 'София', '+79127641505', '', 6, '1475.00', 'pickup', 'Самовывоз', '', 'new', '0.00', '[{\"product_id\":22,\"quantity\":1,\"price\":1475,\"is_bouquet\":false,\"berry_qty\":8,\"addons\":{\"blueberries\":0,\"strawberries\":0,\"mold\":0},\"mold_type\":\"heart\"}]', '2026-02-01 21:31:38', NULL, '2026-02-18', '18:30'),
(96, 'София', '+79127641505', '', 6, '2950.00', 'pickup', 'Самовывоз', '', 'new', '0.00', '[{\"product_id\":4,\"quantity\":1,\"price\":2950,\"is_bouquet\":false,\"berry_qty\":16,\"addons\":{\"blueberries\":0,\"strawberries\":0,\"mold\":0},\"mold_type\":\"heart\"}]', '2026-02-01 22:17:56', NULL, '2026-02-18', '15:00'),
(97, 'София', '+79127641505', '', 6, '3200.00', 'pickup', 'Самовывоз', '', 'new', '0.00', '[{\"product_id\":7,\"quantity\":2,\"price\":3200,\"is_bouquet\":true}]', '2026-02-01 22:18:44', NULL, '2026-02-11', '11:00');

-- --------------------------------------------------------

--
-- Структура таблицы `order_items`
--

CREATE TABLE `order_items` (
  `id` int UNSIGNED NOT NULL,
  `order_id` int UNSIGNED NOT NULL,
  `product_id` int UNSIGNED NOT NULL,
  `product_title` varchar(255) DEFAULT NULL,
  `quantity` int UNSIGNED NOT NULL,
  `price` decimal(10,2) NOT NULL,
  `details` text
) ENGINE=InnoDB DEFAULT CHARSET=utf8mb4 COLLATE=utf8mb4_0900_ai_ci;

--
-- Дамп данных таблицы `order_items`
--

INSERT INTO `order_items` (`id`, `order_id`, `product_id`, `product_title`, `quantity`, `price`, `details`) VALUES
(1, 1, 1, 'Набор клубники в шоколаде \"Новогодний\"', 2, '1600.00', NULL),
(2, 1, 2, 'Набор клубники в шоколаде \"Радость\"', 1, '1890.00', NULL),
(3, 2, 1, 'Набор клубники в шоколаде \"Новогодний\"', 1, '1600.00', NULL),
(4, 2, 3, 'Набор клубники в шоколаде \"Сладкая фантазия\"', 1, '1990.00', NULL),
(5, 3, 2, 'Набор клубники в шоколаде \"Радость\"', 1, '1890.00', NULL),
(6, 4, 3, 'Набор клубники в шоколаде \"Сладкая фантазия\"', 1, '2800.00', NULL),
(7, 15, 3, 'Набор клубники в шоколаде \"Сладкая фантазия\"', 1, '2800.00', NULL),
(8, 16, 20, 'Набор клубники в шоколаде \"Микс\" (12 ягод)', 1, '2900.00', NULL),
(9, 17, 6, 'Набор клубники в шоколаде \"Летнее настроение\"', 1, '950.00', NULL),
(10, 18, 2, 'Набор клубники в шоколаде \"Радость\" (14 ягод)', 1, '1450.00', NULL),
(11, 19, 12, 'Набор клубники в шоколаде \"Молочный с малиной\" (12 ягод)', 1, '2300.00', NULL),
(12, 20, 1, NULL, 1, '2700.00', NULL),
(13, 21, 21, 'Набор клубники в шоколаде \"Для лучшего\"', 1, '1500.00', NULL),
(14, 22, 3, 'Набор клубники в шоколаде \"Сладкая фантазия\" (12 ягод)', 1, '2800.00', NULL),
(15, 23, 4, 'Набор клубники в шоколаде \"Розовый вечер\" (12 ягод)', 1, '1300.00', NULL),
(16, 24, 4, NULL, 1, '1300.00', NULL),
(17, 25, 3, NULL, 1, '2800.00', NULL),
(18, 26, 23, 'Набор клубники в шоколаде \"Рафаэлло\" (12 ягод)', 1, '1650.00', NULL),
(19, 27, 7, 'Букет \"Влюбленность\" (+голубика)', 1, '3300.00', NULL),
(20, 28, 9, 'Букет из клубники в шоколаде \"Яркий\" (13 ягод)', 1, '3500.00', NULL),
(21, 29, 8, 'Букет из клубники в шоколаде \"Зефир\"', 1, '2470.00', NULL),
(22, 30, 8, 'Букет из клубники в шоколаде \"Зефир\"', 1, '2470.00', NULL),
(23, 31, 4, NULL, 1, '1300.00', NULL),
(24, 32, 2, NULL, 1, '1550.00', NULL),
(25, 33, 19, NULL, 1, '2800.00', NULL),
(26, 34, 15, NULL, 1, '3890.00', NULL),
(27, 35, 23, NULL, 1, '1650.00', NULL),
(28, 36, 5, NULL, 1, '2490.00', NULL),
(29, 37, 19, NULL, 1, '2800.00', NULL),
(30, 37, 3, NULL, 1, '2800.00', NULL),
(31, 38, 8, NULL, 1, '2470.00', NULL),
(32, 39, 6, NULL, 1, '1630.00', NULL),
(33, 41, 6, NULL, 1, '1530.00', NULL),
(34, 42, 2, NULL, 1, '2970.00', NULL),
(35, 43, 8, NULL, 1, '2470.00', NULL),
(36, 44, 6, NULL, 1, '1530.00', NULL),
(37, 45, 20, NULL, 1, '2950.00', NULL),
(38, 46, 4, NULL, 1, '1710.00', NULL),
(39, 47, 6, NULL, 1, '1530.00', NULL),
(40, 50, 2, NULL, 1, '2970.00', NULL),
(41, 51, 24, NULL, 1, '1500.00', NULL),
(42, 52, 2, NULL, 1, '2970.00', NULL),
(43, 53, 4, NULL, 1, '1710.00', NULL),
(44, 54, 4, NULL, 1, '1710.00', NULL),
(45, 55, 4, NULL, 1, '1710.00', NULL),
(46, 56, 6, NULL, 1, '1530.00', NULL),
(47, 57, 4, NULL, 1, '1710.00', NULL),
(48, 58, 19, NULL, 1, '2800.00', NULL),
(49, 59, 19, NULL, 1, '2800.00', NULL),
(50, 60, 19, NULL, 1, '2800.00', NULL),
(51, 71, 3, NULL, 1, '2800.00', NULL),
(52, 72, 23, NULL, 1, '1650.00', NULL),
(53, 89, 3, 'Набор клубники в шоколаде \"Сладкая фантазия\"', 1, '1710.00', '{\"berry_qty\":9,\"addons\":{\"blueberries\":0,\"strawberries\":0,\"mold\":0},\"mold_type\":\"heart\"}'),
(54, 90, 12, 'Набор клубники в шоколаде \"Молочный с малиной\"', 1, '895.00', '{\"berry_qty\":4,\"addons\":{\"blueberries\":100,\"strawberries\":50,\"mold\":0},\"mold_type\":\"heart\"}'),
(55, 91, 22, 'Набор клубники в шоколаде \"С малиной и золотом\"', 2, '1215.00', '{\"berry_qty\":6,\"addons\":{\"blueberries\":100,\"strawberries\":0,\"mold\":0},\"mold_type\":\"heart\"}'),
(56, 92, 8, 'Букет из клубники в шоколаде \"Зефир\"', 1, '2470.00', NULL),
(57, 93, 2, 'Набор клубники в шоколаде \"Радость\"', 1, '3050.00', '{\"berry_qty\":16,\"addons\":{\"blueberries\":100,\"strawberries\":0,\"mold\":0},\"mold_type\":\"heart\"}'),
(58, 94, 19, 'Набор клубники в шоколаде \"Новогодний 2\"', 1, '1710.00', '{\"berry_qty\":9,\"addons\":{\"blueberries\":0,\"strawberries\":0,\"mold\":0},\"mold_type\":\"heart\"}'),
(59, 95, 22, 'Набор клубники в шоколаде \"С малиной и золотом\"', 1, '1475.00', '{\"berry_qty\":8,\"addons\":{\"blueberries\":0,\"strawberries\":0,\"mold\":0},\"mold_type\":\"heart\"}'),
(60, 96, 4, 'Набор клубники в шоколаде \"Розовый вечер\"', 1, '2950.00', '{\"berry_qty\":16,\"addons\":{\"blueberries\":0,\"strawberries\":0,\"mold\":0},\"mold_type\":\"heart\"}'),
(61, 97, 7, 'Букет \"Влюбленность\"', 2, '3200.00', NULL);

-- --------------------------------------------------------

--
-- Структура таблицы `products`
--

CREATE TABLE `products` (
  `id` int NOT NULL,
  `title` varchar(255) CHARACTER SET utf8mb4 COLLATE utf8mb4_unicode_ci NOT NULL,
  `img` varchar(255) CHARACTER SET utf8mb4 COLLATE utf8mb4_unicode_ci NOT NULL,
  `alt` varchar(255) CHARACTER SET utf8mb4 COLLATE utf8mb4_unicode_ci NOT NULL,
  `description` text CHARACTER SET utf8mb4 COLLATE utf8mb4_unicode_ci,
  `price` varchar(50) CHARACTER SET utf8mb4 COLLATE utf8mb4_unicode_ci NOT NULL,
  `category` varchar(50) CHARACTER SET utf8mb4 COLLATE utf8mb4_unicode_ci NOT NULL,
  `weight` int NOT NULL,
  `chocolate` varchar(50) CHARACTER SET utf8mb4 COLLATE utf8mb4_unicode_ci NOT NULL,
  `bouquet_type` varchar(50) CHARACTER SET utf8mb4 COLLATE utf8mb4_unicode_ci DEFAULT NULL,
  `berries` int DEFAULT NULL
) ENGINE=InnoDB DEFAULT CHARSET=utf8mb4 COLLATE=utf8mb4_unicode_ci;

--
-- Дамп данных таблицы `products`
--

INSERT INTO `products` (`id`, `title`, `img`, `alt`, `description`, `price`, `category`, `weight`, `chocolate`, `bouquet_type`, `berries`) VALUES
(1, 'Набор клубники в шоколаде \"Новогодний\"', 'img/happy.webp', 'Набор клубники в белом и молочном бельгийском шоколаде, с разными видами посыпок', 'Состав: свежая клубника, белый бельгийский шоколад, молочный бельгийский шоколад, разноцветная посыпка', '4590', 'gift', 500, 'white milk', NULL, 16),
(2, 'Набор клубники в шоколаде \"Радость\"', 'img/radost.webp', 'Набор клубники в молочном и белом бельгийском шоколаде, посыпанный сублимированной малиной, украшенный пищевым золотом', 'Состав: свежая клубника, молочный бельгийский шоколад, белый бельгийский шоколад, сублимированная малина, пищевое золото', '2970', 'gift', 800, 'dark', NULL, NULL),
(3, 'Набор клубники в шоколаде \"Сладкая фантазия\"', 'img/sweet_fantasy.webp', 'Набор клубники в молочном и белом шоколаде с декором из посыпки', 'Состав: свежая клубника, молочный шоколад, белый шоколад, декоративная посыпка', '2800', 'gift', 600, 'white', NULL, NULL),
(4, 'Набор клубники в шоколаде \"Розовый вечер\"', 'img/pink_evening.webp', 'Набор клубники в белом шоколаде с розовой посыпкой', 'Состав: свежая клубника, белый шоколад, розовая посыпка моыврпмлшвармипавтяи счол мратмьбптравчб митрвчасбрпмивачиольпрмилачсит смаоитсмьит чсьмитачсб', '1710', 'classic', 1200, 'white', NULL, NULL),
(5, 'Букет клубники в шоколаде \"Черная магия\"', 'img/black_magic.webp', 'Набор клубники в темном бельгийском шоколаде с ягодами', 'Состав: свежая клубника, темный бельгийский шоколад, свежие ягоды', '2490', 'bouquet', 900, 'milk', NULL, NULL),
(6, 'Набор клубники в шоколаде \"Летнее настроение\"', 'img/summer_mood.webp', 'Набор клубники в молочном шоколаде с фруктовой посыпкой', 'Состав: свежая клубника, молочный шоколад, фруктовая посыпка', '1530', 'classic', 400, 'white', NULL, NULL),
(7, 'Букет \"Влюбленность\"', 'img/love.webp', 'Романтический букет из клубники в молочном шоколаде', 'Состав: клубника в молочном шоколаде, композиция без цветов', '3200', 'bouquet', 900, 'milk', 'no-flowers', 20),
(8, 'Букет из клубники в шоколаде \"Зефир\"', 'img/zefir.webp', 'Букет из клубники в белом шоколаде ', 'Состав: клубника в белом шоколаде, композиция без цветов', '2470', 'bouquet', 1200, 'white', 'no-flowers', 20),
(9, 'Букет из клубники в шоколаде \"Яркий\"', 'img/bright.webp', 'Букет из клубники в белом шоколаде ', 'Состав: клубника в белом шоколаде, яркая композиция без цветов', '3500', 'bouquet', 900, 'white', 'no-flowers', 19),
(10, 'Большой праздничный букет со свежей ягодой', 'img/bouquet-festive.webp', 'Праздничный букет', 'Состав: клубника в молочном шоколаде, свежая ягода, большая композиция', '5900', 'bouquet', 1500, 'milk', 'no-flowers', 40),
(11, 'Мини букет ', 'img/bouquet-mini.webp', 'Мини букет', 'Состав: клубника в молочном шоколаде, мини-композиция без цветов', '3350', 'bouquet', 900, 'milk ', 'no-flowers', 19),
(12, 'Набор клубники в шоколаде \"Молочный с малиной\"', 'img/malina.webp', 'Набор клубники в молочном шоколаде с посыпкой из сублимированной малины', 'Состав: свежая клубника, молочный шоколад, сублимированная малина', '2300', 'classic', 800, 'milk', NULL, 16),
(13, 'Букет \"Красавица\"', 'img/beauty.webp', 'Букет из клубники в шоколаде с цветами', 'Состав: клубника в белом шоколаде, живые цветы', '3800', 'bouquet', 1200, 'white', 'flowers', 20),
(14, 'Букет \"Изобилие\"', 'img/izobilie.webp', 'Новогодний букет из клубники в шоколаде', 'Состав: клубника в молочном шоколаде, живые цветы, новогодний декор', '4800', 'bouquet', 1500, 'milk', 'flowers', 20),
(15, 'Цветочная композиция с клубникой в шоколаде', 'img/composition.webp', 'Цветочная композиция с клубникой в шоколаде', 'Состав: клубника в белом шоколаде, цветочная композиция', '3890', 'bouquet', 1200, 'white', 'flowers', 13),
(16, 'Букет \"Чудо в шляпе\"', 'img/flowers.webp', 'Букет в подарочной коробке', 'Состав: клубника в белом шоколаде, подарочная коробка, цветы ыволрапмшлвыпрмагчсрпмгшварпмгшкуврмпшгакврмпгвочарпрмвчормпвчлорвчаялр', '3590', 'bouquet', 1200, 'white', 'flowers', 16),
(17, 'Букет \"Весенний\"', 'img/spring.webp', 'Букет из клубники в шоколаде с тюльпанами', 'Состав: клубника в белом шоколаде, тюльпаны, весенний декор', '5300', 'bouquet', 1500, 'white', 'flowers', 30),
(18, 'Букет  с клубникой в шоколаде в коробке \"Пламенное сердце\"', 'img/boxfl.webp', 'Букет с клубникой в шоколаде и розами в коробке ', 'Состав: клубника в белом шоколаде, розы, подарочная коробка', '2600', 'bouquet', 1200, 'white', 'flowers', 16),
(19, 'Набор клубники в шоколаде \"Новогодний 2\"', 'img/hap.webp', 'Набор клубники в белом и молочном шоколаде Новогодний', 'Состав: свежая клубника, белый шоколад, молочный шоколад', '2800', 'gift', 800, 'milk', NULL, NULL),
(20, 'Набор клубники в шоколаде \"Микс\"', 'img/mix.webp', 'Набор клубники в шоколаде с разными посыпками', 'Состав: свежая клубника, белый шоколад, разные виды посыпок', '2900', 'classic', 900, 'white', NULL, 25),
(21, 'Набор клубники в шоколаде \"Для лучшего\"', 'img/forbest.webp', 'Набор клубники в молочном шоколаде с декором из посыпки и голубики', 'Состав: свежая клубника, молочный шоколад, декоративная посыпка, голубика', '1500', 'classic', 700, 'milk', NULL, 9),
(22, 'Набор клубники в шоколаде \"С малиной и золотом\"', 'img/dark.webp', 'Набор клубники в темном шоколаде с посыпкой из сублимированной малины', 'Состав: свежая клубника, темный шоколад, сублимированная малина, пищевое золото', '1600', 'classic', 800, 'dark', NULL, 9),
(23, 'Набор клубники в шоколаде \"Рафаэлло\"', 'img/raf.webp', 'Набор клубники в белом шоколаде с конфетами ', 'Состав: свежая клубника, белый шоколад, конфеты Рафаэлло', '1650', 'classic', 700, 'white', NULL, 9),
(24, 'Набор клубники в шоколаде \"Искра\"', 'img/iskra.webp', 'Набор клубники в белом шоколаде с розовой посыпкой из сублимированной малины', 'Состав: свежая клубника, белый шоколад, розовая посыпка из сублимированной малины', '1500', 'classic', 600, 'white', NULL, 9);

-- --------------------------------------------------------

--
-- Структура таблицы `users`
--

CREATE TABLE `users` (
  `id` int UNSIGNED NOT NULL,
  `name` varchar(100) NOT NULL,
  `surname` varchar(100) NOT NULL,
  `email` varchar(100) NOT NULL,
  `phone` varchar(50) DEFAULT NULL,
  `password` varchar(255) NOT NULL,
  `role` enum('user','admin') DEFAULT 'user',
  `created_at` timestamp NULL DEFAULT CURRENT_TIMESTAMP
) ENGINE=InnoDB DEFAULT CHARSET=utf8mb4 COLLATE=utf8mb4_0900_ai_ci;

--
-- Дамп данных таблицы `users`
--

INSERT INTO `users` (`id`, `name`, `surname`, `email`, `phone`, `password`, `role`, `created_at`) VALUES
(1, 'Егор', 'Белоногов', 'lambo@gmail.stan', '+7 (950) 228-13-37', '$2y$10$.reoK/0QPCo8ngQWTWHzouvyx3osROv3N4XHW3LO6qSuee.Vp5uI2', 'user', '2025-12-04 14:09:07'),
(2, 'admin', 'admin', 'admin@admin', NULL, 'admin', 'admin', '2025-12-14 10:38:35'),
(3, 'Павел', 'Ершов', 'pav13@gmail.com', '+7 (912) 764-15-05', '$2y$10$a/BpLzhMNVeZ.MXYf/D5M.YxsGcEI3BUIc437Il1dPHFOtSS2odim', 'user', '2025-12-14 11:26:16'),
(4, 'София', 'Стерхова', 'ssn1307@gmail.com', '+7 (912) 764-15-08', '$2y$10$295eOUv6gbccNpHqVb3VgeTYGB82hKH.RsU1pKlIT9dckRVK4AsKm', 'user', '2025-12-15 11:24:20'),
(5, 'София', 'Пономарева', 'ssn13.07.06@gmail.com', '+7 (912) 764-15-05', '$2y$10$Mn7TMaUdb/Ot2Dm2KJD2duyd22bvrHcknSqkIWgrXO4MDX7toCDWW', 'user', '2026-01-18 11:16:00'),
(6, 'София', 'Стерхова', 'ssn13.07@gmail.com', '+7 (912) 765-14-32', '$2y$10$0ty.3GbvfIfgV.4yr27uf.XZHbynS8TpO25eglJbPFTToothRm3Ky', 'user', '2026-01-26 14:59:39'),
(7, 'Николай', 'Стерхов', 'nik1809@mail.ru', '+7 (912) 752-30-05', '$2y$10$CkPzntfBR.spKaUB.Fb7DuZWlA1eo9cV5Bf7dHeE2/Cf5nlUlhNPW', 'user', '2026-02-01 09:19:00');

--
-- Индексы сохранённых таблиц
--

--
-- Индексы таблицы `orders`
--
ALTER TABLE `orders`
  ADD PRIMARY KEY (`id`);

--
-- Индексы таблицы `order_items`
--
ALTER TABLE `order_items`
  ADD PRIMARY KEY (`id`),
  ADD KEY `order_id` (`order_id`);

--
-- Индексы таблицы `products`
--
ALTER TABLE `products`
  ADD PRIMARY KEY (`id`);

--
-- Индексы таблицы `users`
--
ALTER TABLE `users`
  ADD PRIMARY KEY (`id`),
  ADD UNIQUE KEY `email` (`email`);

--
-- AUTO_INCREMENT для сохранённых таблиц
--

--
-- AUTO_INCREMENT для таблицы `orders`
--
ALTER TABLE `orders`
  MODIFY `id` int UNSIGNED NOT NULL AUTO_INCREMENT, AUTO_INCREMENT=98;

--
-- AUTO_INCREMENT для таблицы `order_items`
--
ALTER TABLE `order_items`
  MODIFY `id` int UNSIGNED NOT NULL AUTO_INCREMENT, AUTO_INCREMENT=62;

--
-- AUTO_INCREMENT для таблицы `products`
--
ALTER TABLE `products`
  MODIFY `id` int NOT NULL AUTO_INCREMENT, AUTO_INCREMENT=25;

--
-- AUTO_INCREMENT для таблицы `users`
--
ALTER TABLE `users`
  MODIFY `id` int UNSIGNED NOT NULL AUTO_INCREMENT, AUTO_INCREMENT=8;
COMMIT;

/*!40101 SET CHARACTER_SET_CLIENT=@OLD_CHARACTER_SET_CLIENT */;
/*!40101 SET CHARACTER_SET_RESULTS=@OLD_CHARACTER_SET_RESULTS */;
/*!40101 SET COLLATION_CONNECTION=@OLD_COLLATION_CONNECTION */;
